CUST_NUMBER,FIRST_NAME,LAST_NAME
49010001,John,Smith
49010001,Emily,Johnson
50230023,Michael,Davis
51500050,Jessica,Miller
52230023,Brian,Anderson
53440044,Olivia,Wilson
54550055,Daniel,Taylor
55220022,Sarah,Brown
56430043,David,Martinez
57320032,Ashley,Garcia
58640034,Christopher,Rodriguez
59340034,Jennifer,Martinez
60430043,Matthew,Hernandez
61120012,Jessica,Davis
62300030,Amanda,Moore
63440044,Nicholas,Lopez
64330033,Samantha,Jackson
65610061,Tyler,White
66230023,Emily,Gonzalez
67340034,Daniel,Thomas
68230023,Megan,Lewis
69560006,Andrew,Hall
70430043,Lauren,Lewis
71120012,Christopher,Smith
72610061,Emma,Hernandez
73120012,Anthony,Martinez
74550055,Kimberly,Davis
75430043,Zachary,Miller
76560006,Madison,Smith
77440044,Joseph,Johnson
78120012,Taylor,Anderson
79340034,Benjamin,Wilson
80080008,Kayla,Brown
81550055,Jason,Taylor
82440044,Morgan,Davis
83220022,Rachel,Martinez
84610061,Brandon,Wilson
85430043,Haley,Thomas
86560006,Austin,Lewis
87120012,Nicole,Hall
88430043,Eric,Lopez
89230023,Jordan,Gonzalez
90560006,Kelsey,Moore
91440044,Justin,White
92330033,Allison,Jackson
93440044,Cody,Miller
94110011,Rebecca,Thomas
95550055,Timothy,Wilson
10010001,Ashley,Davis
20050005,Christopher,Smith
30500050,Jessica,Martinez
40230023,Megan,Taylor
51120012,Ryan,Brown
62340034,Hannah,Moore
71230023,Jonathan,Anderson
80220022,Emily,Davis
92080008,Samantha,Lopez
10450045,Matthew,Thomas
11550055,Natalie,Gonzalez
12000000,Joshua,Lewis
13090009,Amanda,Miller
14120012,Cody,Taylor
15030003,Olivia,Smith
16340034,Brandon,Gonzalez
17020002,Rachel,Martinez
18050005,Andrew,Anderson
19560006,Lauren,Davis
20080008,Justin,Wilson
21230023,Jessica,Miller
22440044,Tyler,Lopez
23300030,Jordan,Thomas
24110011,Madison,Moore
25340034,Zachary,Smith
26010001,Kelsey,White
27320032,Nicole,Brown
28450045,Daniel,Gonzalez
29000000,Emily,Anderson
30120012,Benjamin,Davis
31560056,Haley,Wilson
32440044,Austin,Taylor
33220022,Kayla,Lopez
34430043,Christopher,Moore
35350035,Allison,Smith
36210021,Rebecca,Thomas
37440044,Cody,White
38450045,Megan,Gonzalez
39010001,Jonathan,Davis
40110011,Natalie,Anderson
41320032,Timothy,Wilson
42230023,Joshua,Taylor
43100010,Emma,Lopez
44550045,Jessica,Thomas
45440044,Brian,Moore
46330033,Olivia,Smith
47550055,Daniel,Gonzalez
48430043,Sarah,Davis
