 product_id , product_name 
P001001, Enchanting Widget
P002002, Whispering Gizmo
P003003, Quantum Contraption
P004004, Serene Apparatus
P005005, Galactic Gadget
P006006, Tranquil Mechanism
P007007, Nebula Device
P008008, Luminous Instrument
P009009, Celestial Implement
P010010, Ephemeral Apparatus
P011011, Infinite Gizmo
P012012, Ethereal Widget
P013013, Timeless Contraption
P014014, Spatial Device
P015015, Harmonious Mechanism
P016016, Radiant Apparatus
P017017, Ethereal Gizmo
P018018, Luminous Contraption
P019019, Celestial Gadget
P020020, Tranquil Device
P021021, Nebula Widget
P022022, Serene Apparatus
P023023, Quantum Contraption
P024024, Harmonious Implement
P025025, Celestial Gadget
P026026, Whispering Mechanism
P027027, Radiant Apparatus
P028028, Infinite Gizmo
P029029, Luminous Widget
P030030, Galactic Device
P031031, Tranquil Gizmo
P032032, Harmonious Apparatus
P033033, Celestial Mechanism
P034034, Infinite Contraption
P035035, Tranquil Widget
P036036, Radiant Device
P037037,Stellar Innovation 
P038038,Quantum Marvel
P039039,Celestial Discovery
P040040,Ethereal Wonder
P041041,Tranquil Elegance
P042042,Nebula Enchantment 
P043043,Radiant Expedition 
P044044,Galactic Essence
P045045,Luminous Harmony
P046046,Serene Adventure
P047047,Whispering Symphony
P048048,Infinite Elegance
